date,close
2012-01-02,99.52
2012-01-03,99.86
2012-01-04,99.43
2012-01-05,98.67
2012-01-06,98.56
2012-01-09,97.87
2012-01-10,98.39
2012-01-11,97.87
2012-01-12,97.92
2012-01-13,98.06
2012-01-16,97.25
2012-01-17,98.2
2012-01-18,98.53
2012-01-19,99.19
2012-01-20,99.53
2012-01-23,100.1
2012-01-24,100.89
2012-01-25,101.02
2012-01-26,101.98
2012-01-27,101.18
2012-01-30,100.53
2012-01-31,100.63
2012-02-01,100.29
2012-02-02,99.66
2012-02-03,100.3
2012-02-06,99.97
2012-02-07,100.67
2012-02-08,102.11
2012-02-09,102.63
2012-02-10,102.43
2012-02-13,102.86
2012-02-14,102.85
2012-02-15,102.73
2012-02-16,102.31
2012-02-17,104.39
2012-02-20,105.47
2012-02-21,105.38
2012-02-22,106.22
2012-02-23,106.72
2012-02-24,107.99
2012-02-27,107.81
2012-02-28,108.39
2012-02-29,107.92
2012-03-01,107.95
2012-03-02,107.74
2012-03-05,107.54
2012-03-06,106.66
2012-03-07,105.95
2012-03-08,108.18
2012-03-09,107.93
2012-03-12,107.79
2012-03-13,108.03
2012-03-14,109.16
2012-03-15,108.82
2012-03-16,109.81
2012-03-19,109.73
2012-03-20,110.48
2012-03-21,111.11
2012-03-22,109.4
2012-03-23,109.1
2012-03-26,109.82
2012-03-27,110.57
2012-03-28,110.74
2012-03-29,109.21
2012-03-30,109.56
2012-04-02,109.95
2012-04-03,109.3
2012-04-04,108.22
2012-04-05,107.06
2012-04-10,106.48
2012-04-11,106.18
2012-04-12,106.54
2012-04-13,106.49
2012-04-16,105.18
2012-04-17,105.96
2012-04-18,106.64
2012-04-19,106.92
2012-04-20,107.81
2012-04-23,106.51
2012-04-24,106.87
2012-04-25,107.35
2012-04-26,106.96
2012-04-27,106.75
2012-04-30,105.85
2012-05-02,105.31
2012-05-03,105.49
2012-05-04,105.41
2012-05-07,104.19
2012-05-08,104.01
2012-05-09,102.99
2012-05-10,103.31
2012-05-11,103.48
2012-05-14,102.64
2012-05-15,102.65
2012-05-16,102.53
2012-05-17,101.77
2012-05-18,100.95
2012-05-21,101.06
2012-05-22,101.99
2012-05-23,100.59
2012-05-24,99.75
2012-05-25,99.8
2012-05-28,99.75
2012-05-29,99.64
2012-05-30,98.38
2012-05-31,97.66
2012-06-01,96.25
2012-06-04,97.16
2012-06-05,97.25
2012-06-06,98.82
2012-06-07,100.08
2012-06-08,98.9
2012-06-11,99.6
2012-06-12,99.4
2012-06-13,99.8
2012-06-14,99.51
2012-06-15,99.24
2012-06-18,99.75
2012-06-19,99.57
2012-06-20,100.24
2012-06-21,101.46
2012-06-22,100.68
2012-06-25,99.57
2012-06-26,98.97
2012-06-27,99.49
2012-06-28,98.6
2012-06-29,100.13
2012-07-02,100.51
2012-07-03,100.26
2012-07-04,100.28
2012-07-05,99.14
2012-07-06,98.87
2012-07-09,97.81
2012-07-10,97.64
2012-07-11,97.14
2012-07-12,96.63
2012-07-13,96.6
2012-07-16,96.25
2012-07-17,97.14
2012-07-18,96.63
2012-07-19,96.51
2012-07-20,95.86
2012-07-23,94.72
2012-07-24,94.63
2012-07-25,94.97
2012-07-26,95.79
2012-07-27,96.29
2012-07-30,95.78
2012-07-31,96.03
2012-08-01,96.2
2012-08-02,96.64
2012-08-03,95.85
2012-08-06,96.99
2012-08-07,97.58
2012-08-08,96.68
2012-08-09,96.53
2012-08-10,96.12
2012-08-13,96.61
2012-08-14,97.14
2012-08-15,96.98
2012-08-16,97.38
2012-08-17,97.97
2012-08-20,97.82
2012-08-21,98.81
2012-08-22,98.65
2012-08-23,98.68
2012-08-24,98.16
2012-08-27,98.71
2012-08-28,98.59
2012-08-29,98.63
2012-08-30,98.63
2012-08-31,98.96
2012-09-03,98.43
2012-09-04,98.58
2012-09-05,98.67
2012-09-06,99.36
2012-09-07,100.26
2012-09-10,99.98
2012-09-11,99.7
2012-09-12,100.45
2012-09-13,100.24
2012-09-14,102.24
2012-09-17,102.61
2012-09-18,102.64
2012-09-19,102.38
2012-09-20,101.21
2012-09-21,101.58
2012-09-24,100.79
2012-09-25,100.57
2012-09-26,99.82
2012-09-27,99.98
2012-09-28,100.37
2012-10-01,100.42
2012-10-02,101.02
2012-10-03,101.1
2012-10-04,101.88
2012-10-05,102.02
2012-10-08,101.45
2012-10-09,101.35
2012-10-10,100.94
2012-10-11,101.26
2012-10-12,101.7
2012-10-15,102.1
2012-10-16,102.94
2012-10-17,103.23
2012-10-18,104.01
2012-10-19,103.27
2012-10-22,104.27
2012-10-23,103.84
2012-10-24,103.33
2012-10-25,104.15
2012-10-26,103.15
2012-10-29,102.69
2012-10-30,103
2012-10-31,103.78
2012-11-01,103.82
2012-11-02,103.55
2012-11-05,102.6
2012-11-06,102.6
2012-11-07,102.11
2012-11-08,101.74
2012-11-09,100.44
2012-11-12,101.13
2012-11-13,100.93
2012-11-14,102
2012-11-15,103.66
2012-11-16,103.44
2012-11-19,103.6
2012-11-20,104.39
2012-11-21,105.49
2012-11-22,106.42
2012-11-23,106.19
2012-11-26,106.47
2012-11-27,106.46
2012-11-28,105.44
2012-11-29,106.72
2012-11-30,107.37
2012-12-03,107.36
2012-12-04,107.28
2012-12-05,107.31
2012-12-06,107.66
2012-12-07,106.19
2012-12-10,106.23
2012-12-11,107.11
2012-12-12,108.12
2012-12-13,109.18
2012-12-14,109.55
2012-12-17,110.39
2012-12-18,110.53
2012-12-19,112.36
2012-12-20,111.52
2012-12-21,110.99
2012-12-24,111.64
2012-12-27,113.87
2012-12-28,113.5
2012-12-31,113.61
2013-01-02,115.38
2013-01-03,113.93
2013-01-04,114.96
2013-01-07,114.48
2013-01-08,114.56
2013-01-09,114.34
2013-01-10,115.76
2013-01-11,118.18
2013-01-14,119.1
2013-01-15,118.04
2013-01-16,117.06
2013-01-17,119.32
2013-01-18,119.87
2013-01-21,119.37
2013-01-22,118.18
2013-01-23,117.98
2013-01-24,119.73
2013-01-25,122.71
2013-01-28,122.21
2013-01-29,121.52
2013-01-30,123.55
2013-01-31,123.32
2013-02-01,125.78
2013-02-04,125.63
2013-02-05,126.33
2013-02-06,126.48
2013-02-07,126.88
2013-02-08,123.52
2013-02-11,125.12
2013-02-12,126.6
2013-02-13,125.95
2013-02-14,124.39
2013-02-15,124.03
2013-02-18,125.24
2013-02-19,124.81
2013-02-20,125.09
2013-02-21,122.85
2013-02-22,122.98
2013-02-25,125
2013-02-26,120.2
2013-02-27,120.06
2013-02-28,121.07
2013-03-01,120.53
2013-03-04,121.67
2013-03-05,121.45
2013-03-06,121.85
2013-03-07,122.8
2013-03-08,125.5
2013-03-11,124.91
2013-03-12,125.25
2013-03-13,124.59
2013-03-14,124.79
2013-03-15,125.56
2013-03-18,122.88
2013-03-19,123.49
2013-03-20,123.69
2013-03-21,122.95
2013-03-22,122.85
2013-03-25,122.55
2013-03-26,121.25
2013-03-27,120.3
2013-03-28,120.87
2013-04-02,119.79
2013-04-03,119.96
2013-04-04,122.31
2013-04-05,124.49
2013-04-08,128.46
2013-04-09,128.92
2013-04-10,129.69
2013-04-11,130.39
2013-04-12,129.54
2013-04-15,127.83
2013-04-16,128.37
2013-04-17,128.61
2013-04-18,128.4
2013-04-19,130.21
2013-04-22,130
2013-04-23,128.56
2013-04-24,129.46
2013-04-25,129.67
2013-04-26,128.13
2013-04-29,128.27
2013-04-30,127.35
2013-05-02,129.04
2013-05-03,128.6
2013-05-06,130.18
2013-05-07,129.98
2013-05-08,129.89
2013-05-09,129.8
2013-05-10,131.94
2013-05-13,132.01
2013-05-14,131.88
2013-05-15,132.04
2013-05-16,132.15
2013-05-17,131.87
2013-05-20,131.86
2013-05-21,132.33
2013-05-22,133.26
2013-05-23,131.07
2013-05-24,131.25
2013-05-27,130.59
2013-05-28,131.98
2013-05-29,130.9
2013-05-30,131.7
2013-05-31,130.47
2013-06-03,130.37
2013-06-04,131.28
2013-06-05,130.13
2013-06-06,129.96
2013-06-07,126.81
2013-06-10,130.47
2013-06-11,128.6
2013-06-12,128.3
2013-06-13,125.36
2013-06-14,126.37
2013-06-17,126.36
2013-06-18,127.55
2013-06-19,127.44
2013-06-20,129.26
2013-06-21,128.66
2013-06-24,128.54
2013-06-25,127.79
2013-06-26,127.33
2013-06-27,127.93
2013-06-28,129.39
2013-07-01,129.99
2013-07-02,130.08
2013-07-03,128.85
2013-07-04,129.64
2013-07-05,128.97
2013-07-08,130.04
2013-07-09,130.07
2013-07-10,128.44
2013-07-11,129.63
2013-07-12,129.75
2013-07-15,130.68
2013-07-16,130.35
2013-07-17,131.15
2013-07-18,131.22
2013-07-19,131.67
2013-07-22,131.47
2013-07-23,131.91
2013-07-24,132.6
2013-07-25,131.81
2013-07-26,130.84
2013-07-29,129.91
2013-07-30,129.99
2013-07-31,130
2013-08-01,130.69
2013-08-02,131.78
2013-08-05,130.62
2013-08-06,130.27
2013-08-07,129.21
2013-08-08,128.68
2013-08-09,128.96
2013-08-12,128.66
2013-08-13,130.27
2013-08-14,130.17
2013-08-15,130.48
2013-08-16,130.03
2013-08-19,130.72
2013-08-20,130.33
2013-08-21,130.52
2013-08-22,131.45
2013-08-23,132.35
2013-08-26,131.74
2013-08-27,130.07
2013-08-28,130.1
2013-08-29,130.34
2013-08-30,130.01
2013-09-02,131.09
2013-09-03,130.98
2013-09-04,131.06
2013-09-05,131.64
2013-09-06,130.71
2013-09-09,131.3
2013-09-10,132.8
2013-09-11,132.96
2013-09-12,132.18
2013-09-13,132.43
2013-09-16,132.05
2013-09-17,132.44
2013-09-18,132.18
2013-09-19,134.09
2013-09-20,134.57
2013-09-23,133.59
2013-09-24,132.92
2013-09-25,133.14
2013-09-26,133.41
2013-09-27,133.28
2013-09-30,131.78
2013-10-01,132.6
2013-10-02,131.76
2013-10-03,132.81
2013-10-04,132.03
2013-10-07,131.46
2013-10-08,131.94
2013-10-09,131.55
2013-10-10,132.37
2013-10-11,133.38
2013-10-14,133.19
2013-10-15,132.89
2013-10-16,133.38
2013-10-17,133.64
2013-10-18,133.73
2013-10-21,134.17
2013-10-22,134.52
2013-10-23,133.95
2013-10-24,134.32
2013-10-25,134.15
2013-10-28,134.65
2013-10-29,134.88
2013-10-30,135.11
2013-10-31,133.99
2013-11-01,132.9
2013-11-04,133.28
2013-11-05,132.59
2013-11-06,133.33
2013-11-07,132
2013-11-08,131.58
2013-11-11,132.86
2013-11-12,133.87
2013-11-13,133.27
2013-11-14,134.26
2013-11-15,134.99
2013-11-18,135.23
2013-11-19,134.89
2013-11-20,135.2
2013-11-21,135.83
2013-11-22,136.74
2013-11-25,137.57
2013-11-26,137.34
2013-11-27,138.43
2013-11-28,139.06
2013-11-29,139.21
2013-12-02,139.16
2013-12-03,139.31
2013-12-04,139.31
2013-12-05,138.73
2013-12-06,139.63
2013-12-09,141.33
2013-12-10,141.35
2013-12-11,141.22
2013-12-12,141.51
2013-12-13,141.93
2013-12-16,141.87
2013-12-17,141.61
2013-12-18,141.61
2013-12-19,142.55
2013-12-20,142.66
2013-12-23,142.38
2013-12-24,142.66
2013-12-27,145.02
2013-12-30,145.02
2013-12-31,144.72
2014-01-02,143.82
2014-01-03,142.46
2014-01-06,142.28
2014-01-07,142.43
2014-01-08,142.33
2014-01-09,142.92
2014-01-10,142.67
2014-01-13,141.37
2014-01-14,141.62
2014-01-15,141.86
2014-01-16,142.21
2014-01-17,141.8
2014-01-20,141.05
2014-01-21,141.58
2014-01-22,141.57
2014-01-23,141.99
2014-01-24,140.18
2014-01-27,140.39
2014-01-28,140.61
2014-01-29,139.73
2014-01-30,139.28
2014-01-31,138.13
2014-02-03,137.82
2014-02-04,137.05
2014-02-05,136.78
2014-02-06,136.93
2014-02-07,138.79
2014-02-10,139.26
2014-02-11,140
2014-02-12,138.89
2014-02-13,139.42
2014-02-14,139.48
2014-02-17,139.6
2014-02-18,140.77
2014-02-19,140.08
2014-02-20,139.91
2014-02-21,140.5
2014-02-24,140.69
2014-02-25,140.65
2014-02-26,140.5
2014-02-27,139.15
2014-02-28,140.63
2014-03-03,139.51
2014-03-04,140.2
2014-03-05,140.71
2014-03-06,141.22
2014-03-07,143.02
2014-03-10,143.39
2014-03-11,143.05
2014-03-12,142.68
2014-03-13,143.3
2014-03-14,140.63
2014-03-17,141.45
2014-03-18,141.1
2014-03-19,141.31
2014-03-20,140.85
2014-03-21,141.07
2014-03-24,141.05
2014-03-25,141.22
2014-03-26,141.25
2014-03-27,140.75
2014-03-28,140.9
2014-03-31,142.42
2014-04-01,142.53
2014-04-02,143.03
2014-04-03,143.12
2014-04-04,142.33
2014-04-07,141.65
2014-04-08,140.9
2014-04-09,140.73
2014-04-10,141
2014-04-11,140.69
2014-04-14,140.87
2014-04-15,140.62
2014-04-16,141.55
2014-04-17,141.57
2014-04-22,141.69
2014-04-23,141.46
2014-04-24,141.63
2014-04-25,141.05
2014-04-28,141.85
2014-04-29,142.03
2014-04-30,142.07
2014-05-02,142.06
2014-05-05,141.44
2014-05-06,141.89
2014-05-07,141.68
2014-05-08,141.95
2014-05-09,140.14
2014-05-12,140.31
2014-05-13,140.25
2014-05-14,139.65
2014-05-15,139.17
2014-05-16,138.95
2014-05-19,138.79
2014-05-20,138.88
2014-05-21,138.18
2014-05-22,138.96
2014-05-23,138.92
2014-05-26,138.97
2014-05-27,139.01
2014-05-28,138.73
2014-05-29,138.34
2014-05-30,138.36
2014-06-02,138.94
2014-06-03,139.64
2014-06-04,139.78
2014-06-05,139.24
2014-06-06,139.71
2014-06-09,139.39
2014-06-10,138.63
2014-06-11,138.19
2014-06-12,138.12
2014-06-13,138.08
2014-06-16,137.81
2014-06-17,138.4
2014-06-18,138.65
2014-06-19,138.82
2014-06-20,138.68
2014-06-23,138.46
2014-06-24,138.8
2014-06-25,138.73
2014-06-26,138.49
2014-06-27,138.09
2014-06-30,138.44
2014-07-01,138.98
2014-07-02,138.65
2014-07-03,139.06
2014-07-04,138.67
2014-07-07,138.53
2014-07-08,138.26
2014-07-09,138.38
2014-07-10,137.87
2014-07-11,137.75
2014-07-14,138.29
2014-07-15,138.28
2014-07-16,137.73
2014-07-17,137.27
2014-07-18,137.07
2014-07-21,136.97
2014-07-22,136.93
2014-07-23,136.51
2014-07-24,136.97
2014-07-25,136.97
2014-07-28,136.74
2014-07-29,137.04
2014-07-30,137.05
2014-07-31,137.66
2014-08-01,137.92
2014-08-04,137.72
2014-08-05,137.46
2014-08-06,136.58
2014-08-07,136.76
2014-08-08,136.45
2014-08-11,136.72
2014-08-12,136.49
2014-08-13,136.89
2014-08-14,136.99
2014-08-15,137.33
2014-08-18,137.22
2014-08-19,137.12
2014-08-20,137.23
2014-08-21,137.71
2014-08-22,137.7
2014-08-25,137.13
2014-08-26,137.15
2014-08-27,136.88
2014-08-28,136.68
2014-08-29,137.11
2014-09-01,136.97
2014-09-02,137.63
2014-09-03,138.11
2014-09-04,136.89
2014-09-05,136.27
2014-09-08,136.32
2014-09-09,136.9
2014-09-10,137.9
2014-09-11,138.38
2014-09-12,138.72
2014-09-15,138.48
2014-09-16,138.67
2014-09-17,139.05
2014-09-18,140.11
2014-09-19,139.84
2014-09-22,140.09
2014-09-23,139.87
2014-09-24,139.5
2014-09-25,138.88
2014-09-26,138.93
2014-09-29,138.97
2014-09-30,138.11
2014-10-01,138.53
2014-10-02,137.47
2014-10-03,137.46
2014-10-06,137.25
2014-10-07,136.9
2014-10-08,136.97
2014-10-09,137.37
2014-10-10,136.27
2014-10-13,135.95
2014-10-14,135.29
2014-10-15,135.5
2014-10-16,134.95
2014-10-17,136.45
2014-10-20,136.62
2014-10-21,136.2
2014-10-22,135.79
2014-10-23,136.42
2014-10-24,136.64
2014-10-27,136.76
2014-10-28,137.45
2014-10-29,137.75
2014-10-30,137.27
2014-10-31,140.18
2014-11-03,142.19
2014-11-04,141.96
2014-11-05,143.21
2014-11-06,143.33
2014-11-07,142.89
2014-11-10,142.56
2014-11-11,143.88
2014-11-12,143.63
2014-11-13,143.87
2014-11-14,144.94
2014-11-17,145.3
2014-11-18,145.91
2014-11-19,147.45
2014-11-20,148.25
2014-11-21,146.46
2014-11-24,146.82
2014-11-25,146.66
2014-11-26,146.91
2014-11-27,146.67
2014-11-28,147.69
2014-12-01,147.62
2014-12-02,148.08
2014-12-03,147.2
2014-12-04,147.64
2014-12-05,149.03
2014-12-08,148.45
2014-12-09,148.02
2014-12-10,147.33
2014-12-11,147.2
2014-12-12,147.41
2014-12-15,147.67
2014-12-16,145.79
2014-12-17,145.89
2014-12-18,145.96
2014-12-19,146.41
2014-12-22,147.06
2014-12-23,146.8
2014-12-24,147.07
2014-12-29,146.96
2014-12-30,145.41
2014-12-31,145.23
2015-01-02,145.21
2015-01-05,143
2015-01-06,141.69
2015-01-07,141.17
2015-01-08,141
2015-01-09,140.81
2015-01-12,140.56
2015-01-13,139.56
2015-01-14,137.48
2015-01-15,136.48
2015-01-16,135.06
2015-01-19,136.27
2015-01-20,137.37
2015-01-21,136.07
2015-01-22,136.7
2015-01-23,132.12
2015-01-26,133.03
2015-01-27,133.08
2015-01-28,133.7
2015-01-29,133.43
2015-01-30,133.08
2015-02-02,133.06
2015-02-03,133.48
2015-02-04,134.49
2015-02-05,133.98
2015-02-06,134.28
2015-02-09,133.72
2015-02-10,134.67
2015-02-11,135.5
2015-02-12,135.72
2015-02-13,135.46
2015-02-16,135.26
2015-02-17,135.61
2015-02-18,135.69
2015-02-19,135.52
2015-02-20,133.91
2015-02-23,134.5
2015-02-24,135.36
2015-02-25,134.92
2015-02-26,134.54
2015-02-27,134.05
2015-03-02,134.47
2015-03-03,133.74
2015-03-04,133.15
2015-03-05,133.1
2015-03-06,131.48
2015-03-09,131.31
2015-03-10,130.29
2015-03-11,128.33
2015-03-12,128.29
2015-03-13,128.41
2015-03-16,127.96
2015-03-17,128.9
2015-03-18,128.35
2015-03-19,129.12
2015-03-20,130.26
2015-03-23,130.8
2015-03-24,130.89
2015-03-25,131.13
2015-03-26,130.67
2015-03-27,129.39
2015-03-30,130.02
2015-03-31,128.95
2015-04-01,129.29
2015-04-02,129.59
2015-04-07,130.33
2015-04-08,130.09
2015-04-09,129.22
2015-04-10,127.32
2015-04-13,127.2
2015-04-14,126.67
2015-04-15,126.52
2015-04-16,127.64
2015-04-17,128.45
2015-04-20,127.68
2015-04-21,127.75
2015-04-22,128.45
2015-04-23,129.36
2015-04-24,129.36
2015-04-27,129.23
2015-04-28,130.09
2015-04-29,131.2
2015-04-30,133.26
2015-05-04,134.07
2015-05-05,133.92
2015-05-06,134.59
2015-05-07,134.72
2015-05-08,134.9
2015-05-11,133.64
2015-05-12,134.85
2015-05-13,134.31
2015-05-14,136.12
2015-05-15,135.78
2015-05-18,136.33
2015-05-19,134.36
2015-05-20,134.43
2015-05-21,134.79
2015-05-22,135.01
2015-05-25,133.39
2015-05-26,134.07
2015-05-27,134.37
2015-05-28,135.36
2015-05-29,135.95
2015-06-01,135.79
2015-06-02,137.52
2015-06-03,138.46
2015-06-04,140.47
2015-06-05,139.97
2015-06-08,139.84
2015-06-09,139.56
2015-06-10,138.69
2015-06-11,138.95
2015-06-12,138.78
2015-06-15,138.54
2015-06-16,138.42
2015-06-17,139.78
2015-06-18,139.94
2015-06-19,139.19
2015-06-22,139.8
2015-06-23,138.72
2015-06-24,138.93
2015-06-25,138.52
2015-06-26,138.58
2015-06-29,136.81
2015-06-30,137.01
2015-07-01,136.63
2015-07-02,136.82
2015-07-03,136.38
2015-07-06,135.11
2015-07-07,133.88
2015-07-08,133.88
2015-07-09,134.3
2015-07-10,136.88
2015-07-13,136.3
2015-07-14,136.02
2015-07-15,135.95
2015-07-16,134.9
2015-07-17,135.01
2015-07-20,134.83
2015-07-21,135.17
2015-07-22,134.98
2015-07-23,136.15
2015-07-24,135.7
2015-07-27,136.23
2015-07-28,136.46
2015-07-29,136.5
2015-07-30,136.25
2015-07-31,136.34
2015-08-03,136.07
2015-08-04,136.07
2015-08-05,135.23
2015-08-06,135.94
2015-08-07,136.43
2015-08-10,136.67
2015-08-11,137.99
2015-08-12,138.45
2015-08-13,138.23
2015-08-14,138.7
2015-08-17,138.22
2015-08-18,137.44
2015-08-19,137.31
2015-08-20,138.5
2015-08-21,138.4
2015-08-24,137.8
2015-08-25,137.84
2015-08-26,136.46
2015-08-27,135.62
2015-08-28,136.16
2015-08-31,136.07
2015-09-01,134.87
2015-09-02,135.21
2015-09-03,134.98
2015-09-04,132.82
2015-09-07,133.09
2015-09-08,133.82
2015-09-09,134.65
2015-09-10,135.38
2015-09-11,136.02
2015-09-14,136.04
2015-09-15,135.44
2015-09-16,135.45
2015-09-17,136.76
2015-09-18,136.31
2015-09-21,135.5
2015-09-22,133.75
2015-09-23,134.03
2015-09-24,134.48
2015-09-25,134.92
2015-09-28,134.13
2015-09-29,134.38
2015-09-30,134.69
2015-10-01,133.56
2015-10-02,134.24
2015-10-05,135.07
2015-10-06,135.07
2015-10-07,135.3
2015-10-08,134.92
2015-10-09,136.65
2015-10-12,136.61
2015-10-13,136.16
2015-10-14,136.48
2015-10-15,135.23
2015-10-16,135.25
2015-10-19,135.29
2015-10-20,136.16
2015-10-21,136.3
2015-10-22,135.49
2015-10-23,133.8
2015-10-26,133.26
2015-10-27,133.06
2015-10-28,133.38
2015-10-29,132.3
2015-10-30,132.88
2015-11-02,133.02
2015-11-03,132.65
2015-11-04,132.45
2015-11-05,132.65
2015-11-06,132.41
2015-11-09,133.08
2015-11-10,131.98
2015-11-11,131.9
2015-11-12,131.92
2015-11-13,132.04
2015-11-16,132.01
2015-11-17,131.49
2015-11-18,131.65
2015-11-19,131.6
2015-11-20,131.28
2015-11-23,130.92
2015-11-24,130.52
2015-11-25,129.94
2015-11-26,130.06
2015-11-27,129.75
2015-11-30,130.22
2015-12-01,130.57
2015-12-02,130.7
2015-12-03,131.58
2015-12-04,134.08
2015-12-07,133.4
2015-12-08,133.64
2015-12-09,134.04
2015-12-10,132.97
2015-12-11,133.02
2015-12-14,132.54
2015-12-15,132.97
2015-12-16,133.18
2015-12-17,132.82
2015-12-18,131.6
2015-12-21,131.93
2015-12-22,132.42
2015-12-23,131.92
2015-12-24,131.83
2015-12-28,132.05
2015-12-29,131.88
2015-12-30,131.66
2015-12-31,131.07
2016-01-04,129.78
2016-01-05,127.88
2016-01-06,127.19
2016-01-07,127.74
2016-01-08,128.51
2016-01-11,128.33
2016-01-12,127.79
2016-01-13,127.74
2016-01-14,128.26
2016-01-15,127.8
2016-01-18,127.78
2016-01-19,128.12
2016-01-20,127.28
2016-01-21,127.43
2016-01-22,127.77
2016-01-25,128.07
2016-01-26,128.22
2016-01-27,128.91
2016-01-28,129.62
2016-01-29,132.25
2016-02-01,131.99
2016-02-02,131.84
2016-02-03,130.58
2016-02-04,131.49
2016-02-05,130.71
2016-02-08,129.11
2016-02-09,129.07
2016-02-10,129.42
2016-02-11,127.3
2016-02-12,127.07
2016-02-15,127.6
2016-02-16,127.02
2016-02-17,127.1
2016-02-18,126.17
2016-02-19,125.4
2016-02-22,124.85
2016-02-23,123.12
2016-02-24,122.86
2016-02-25,124.01
2016-02-26,124.42
2016-02-29,123.14
2016-03-01,122.94
2016-03-02,124.07
2016-03-03,124.23
2016-03-04,124.77
2016-03-07,124.45
2016-03-08,124.6
2016-03-09,123.63
2016-03-10,123.87
2016-03-11,126.17
2016-03-14,126.36
2016-03-15,125.36
2016-03-16,125.68
2016-03-17,126.28
2016-03-18,125.79
2016-03-21,125.94
2016-03-22,125.13
2016-03-23,126.01
2016-03-24,125.41
2016-03-29,127.13
2016-03-30,127.37
2016-03-31,127.9
2016-04-01,128.07
2016-04-04,126.97
2016-04-05,125.81
2016-04-06,125.13
2016-04-07,123.15
2016-04-08,123.36
2016-04-11,123.28
2016-04-12,123.44
2016-04-13,123.47
2016-04-14,123.09
2016-04-15,122.91
2016-04-18,122.32
2016-04-19,124.1
2016-04-20,124.2
2016-04-21,124.5
2016-04-22,124.86
2016-04-25,124.95
2016-04-26,125.45
2016-04-27,125.79
2016-04-28,122.84
2016-04-29,122.34
2016-05-02,122.47
2016-05-03,122.53
2016-05-04,122.62
2016-05-05,122.51
2016-05-06,122.23
2016-05-09,123.39
2016-05-10,124.12
2016-05-11,124.09
2016-05-12,124.5
2016-05-13,123.56
2016-05-16,123.27
2016-05-17,123.93
2016-05-18,123.38
2016-05-19,123.17
2016-05-20,123.81
2016-05-23,122.7
2016-05-24,122.56
2016-05-25,122.79
2016-05-26,122.93
2016-05-27,122.46
2016-05-30,123.85
2016-05-31,123.83
2016-06-01,122.07
2016-06-02,121.96
2016-06-03,121.47
2016-06-06,121.58
2016-06-07,122.16
2016-06-08,121.77
2016-06-09,120.72
2016-06-10,120.79
2016-06-13,119.51
2016-06-14,118.98
2016-06-15,119.29
2016-06-16,116.65
2016-06-17,117.34
2016-06-20,118.57
2016-06-21,118.39
2016-06-22,118.01
2016-06-23,120.38
2016-06-24,113.23
2016-06-27,111.8
2016-06-28,113.4
2016-06-29,113.85
2016-06-30,114.05
2016-07-01,114.29
2016-07-04,114.29
2016-07-05,113.5
2016-07-06,111.48
2016-07-07,111.9
2016-07-08,111.17
2016-07-11,113.23
2016-07-12,115.29
2016-07-13,115.82
2016-07-14,117.88
2016-07-15,117.63
2016-07-18,116.82
2016-07-19,117.2
2016-07-20,117.33
2016-07-21,117.05
2016-07-22,116.86
2016-07-25,116.64
2016-07-26,114.67
2016-07-27,116.23
2016-07-28,116.14
2016-07-29,114.83
2016-08-01,114.28
2016-08-02,113.72
2016-08-03,113.22
2016-08-04,112.66
2016-08-05,112.73
2016-08-08,113.59
2016-08-09,113.27
2016-08-10,113.09
2016-08-11,113.05
2016-08-12,113.77
2016-08-15,112.97
2016-08-16,112.74
2016-08-17,113.53
2016-08-18,113.6
2016-08-19,113.53
2016-08-22,113.73
2016-08-23,113.48
2016-08-24,112.95
2016-08-25,113.45
2016-08-26,113.33
2016-08-29,114.24
2016-08-30,114.27
2016-08-31,115.01
2016-09-01,115.59
2016-09-02,115.83
2016-09-05,115.24
2016-09-06,115.39
2016-09-07,114.23
2016-09-08,114.8
2016-09-09,115.85
2016-09-12,114.38
2016-09-13,114.98
2016-09-14,115.37
2016-09-15,114.98
2016-09-16,114.35
2016-09-19,113.65
2016-09-20,113.93
2016-09-21,112.49
2016-09-22,113.19
2016-09-23,113.02
2016-09-26,113.11
2016-09-27,112.52
2016-09-28,112.93
2016-09-29,113.88
2016-09-30,113.09
2016-10-03,113.9
2016-10-04,114.5
2016-10-05,115.65
2016-10-06,116
2016-10-07,115.44
2016-10-10,115.39
2016-10-11,114.9
2016-10-12,114.5
2016-10-13,114.49
2016-10-14,114.76
2016-10-17,114.46
2016-10-18,114.37
2016-10-19,113.49
2016-10-20,113.76
2016-10-21,112.96
2016-10-24,113.29
2016-10-25,113.65
2016-10-26,113.97
2016-10-27,114.39
2016-10-28,115.1
2016-10-31,114.97
2016-11-01,115.57
2016-11-02,114.62
2016-11-03,114.25
2016-11-04,114.24
2016-11-07,115.4
2016-11-08,115.66
2016-11-09,114.54
2016-11-10,116.4
2016-11-11,115.96
2016-11-14,116.27
2016-11-15,116.55
2016-11-16,117.25
2016-11-17,117.12
2016-11-18,116.95
2016-11-21,117.59
2016-11-22,117.74
2016-11-23,118.04
2016-11-24,119.43
2016-11-25,119.73
2016-11-28,119.25
2016-11-29,119.48
2016-11-30,120.48
2016-12-01,121.39
2016-12-02,121.2
2016-12-05,122.32
2016-12-06,122.28
2016-12-07,122.42
2016-12-08,122.61
2016-12-09,121.48
2016-12-12,122.69
2016-12-13,122.27
2016-12-14,122.39
2016-12-15,123.03
2016-12-16,123.38
2016-12-19,122.19
2016-12-20,122.43
2016-12-21,122.31
2016-12-22,122.86
2016-12-23,122.6
2016-12-27,122.61
2016-12-28,122.39
2016-12-29,122.04
2016-12-30,123.4
2017-01-02,122.92
2017-01-03,122.75
2017-01-04,122.64
2017-01-05,122.38
2017-01-06,122.83
2017-01-09,122.66
2017-01-10,122.84
2017-01-11,122.14
2017-01-12,121.69
2017-01-13,121.91
2017-01-16,120.91
2017-01-17,121.1
2017-01-18,121.05
2017-01-19,122.23
2017-01-20,122.47
2017-01-23,121.72
2017-01-24,121.85
2017-01-25,121.79
2017-01-26,122.4
2017-01-27,123.01
2017-01-30,121.76
2017-01-31,121.94
2017-02-01,122.25
2017-02-02,121.4
2017-02-03,121.49
2017-02-06,120.28
2017-02-07,119.94
2017-02-08,119.39
2017-02-09,120.04
2017-02-10,120.65
2017-02-13,120.9
2017-02-14,120.43
2017-02-15,120.85
2017-02-16,120.95
2017-02-17,120.08
2017-02-20,120.11
2017-02-21,119.77
2017-02-22,118.79
2017-02-23,119.3
2017-02-24,119.04
2017-02-27,118.87
2017-02-28,118.83
2017-03-01,119.84
2017-03-02,120.24
2017-03-03,120.83
2017-03-06,120.55
2017-03-07,120.61
2017-03-08,120.65
2017-03-09,120.95
2017-03-10,122.42
2017-03-13,122.35
2017-03-14,122.13
2017-03-15,121.77
2017-03-16,121.55
2017-03-17,121.49
2017-03-20,121.19
2017-03-21,121.58
2017-03-22,120.07
2017-03-23,119.36
2017-03-24,120.09
2017-03-27,119.93
2017-03-28,119.84
2017-03-29,119.17
2017-03-30,119.39
2017-03-31,119.55
2017-04-03,118.64
2017-04-04,117.55
2017-04-05,118.49
2017-04-06,118.23
2017-04-07,117.64
2017-04-10,117.72
2017-04-11,117.36
2017-04-12,116.22
2017-04-13,116.01
2017-04-18,116.26
2017-04-19,116.91
2017-04-20,117.16
2017-04-21,116.72
2017-04-24,119.67
2017-04-25,120.34
2017-04-26,121.35
2017-04-27,121.27
2017-04-28,121.76
2017-05-02,122.55
2017-05-03,122.47
2017-05-04,123.31
2017-05-05,123.29
2017-05-08,123.1
2017-05-09,124.04
2017-05-10,123.84
2017-05-11,123.69
2017-05-12,123.82
2017-05-15,124.45
2017-05-16,125.67
2017-05-17,124.82
2017-05-18,123.05
2017-05-19,124.35
2017-05-22,125.18
2017-05-23,124.62
2017-05-24,125.15
2017-05-25,125.33
2017-05-26,124.38
2017-05-29,124.57
2017-05-30,123.97
2017-05-31,124.4
2017-06-01,124.53
2017-06-02,125.02
2017-06-05,124.3
2017-06-06,123.12
2017-06-07,122.78
2017-06-08,123.77
2017-06-09,123.44
2017-06-12,123.3
2017-06-13,123.43
2017-06-14,123.58
2017-06-15,122.95
2017-06-16,124.33
2017-06-19,124.26
2017-06-20,124.25
2017-06-21,124.21
2017-06-22,124.27
2017-06-23,124.36
2017-06-26,124.93
2017-06-27,126.16
2017-06-28,127.53
2017-06-29,128.59
2017-06-30,127.75
2017-07-03,128.46
2017-07-04,128.57
2017-07-05,128.64
2017-07-06,129.01
2017-07-07,129.8
2017-07-10,129.98
2017-07-11,130.36
2017-07-12,130.02
2017-07-13,129.17
2017-07-14,129.1
2017-07-17,128.86
2017-07-18,129.46
2017-07-19,129.03
2017-07-20,128.92
2017-07-21,129.72
2017-07-24,129.09
2017-07-25,130.28
2017-07-26,130.26
2017-07-27,130.32
2017-07-28,130.37
2017-07-31,129.7
2017-08-01,130.53
2017-08-02,130.98
2017-08-03,130.91
2017-08-04,130.67
2017-08-07,130.78
2017-08-08,130.31
2017-08-09,128.74
2017-08-10,128.76
2017-08-11,128.41
2017-08-14,129.28
2017-08-15,129.67
2017-08-16,129.79
2017-08-17,128.81
2017-08-18,128.02
2017-08-21,128.17
2017-08-22,128.73
2017-08-23,128.71
2017-08-24,129.06
2017-08-25,129.59
2017-08-28,130.34
2017-08-29,130.86
2017-08-30,131.25
2017-08-31,130.81
2017-09-01,131.29
2017-09-04,130.6
2017-09-05,129.99
2017-09-06,129.92
2017-09-07,130.34
2017-09-08,129.5
2017-09-11,130.38
2017-09-12,130.93
2017-09-13,131.79
2017-09-14,131.55
2017-09-15,132.92
2017-09-18,133.09
2017-09-19,133.44
2017-09-20,133.63
2017-09-21,133.86
2017-09-22,134.01
2017-09-25,133.19
2017-09-26,131.99
2017-09-27,132.6
2017-09-28,132.56
2017-09-29,132.82
2017-10-02,132.5
2017-10-03,132.77
2017-10-04,132.47
2017-10-05,132.05
2017-10-06,132.23
2017-10-09,132.36
2017-10-10,132.55
2017-10-11,132.72
2017-10-12,133.12
2017-10-13,132.49
2017-10-16,131.99
2017-10-17,131.94
2017-10-18,132.62
2017-10-19,133.18
2017-10-20,133.75
2017-10-23,133.59
2017-10-24,133.95
2017-10-25,134.41
2017-10-26,133.75
2017-10-27,132.52
2017-10-30,131.83
2017-10-31,132
2017-11-01,132.6
2017-11-02,132.9
2017-11-03,132.82
2017-11-06,132.29
2017-11-07,132.03
2017-11-08,131.54
2017-11-09,131.75
2017-11-10,132.08
2017-11-13,132.07
2017-11-14,133.29
2017-11-15,133.45
2017-11-16,133.12
2017-11-17,132.82
2017-11-20,132.1
2017-11-21,131.87
2017-11-22,131.61
2017-11-23,131.79
2017-11-24,132.24
2017-11-27,132.69
2017-11-28,132.24
2017-11-29,132.24
2017-11-30,133.08
2017-12-01,133.7
2017-12-04,133.91
2017-12-05,133.37
2017-12-06,132.52
2017-12-07,132.88
2017-12-08,133.26
2017-12-11,133.66
2017-12-12,133.54
2017-12-13,132.99
2017-12-14,133.39
2017-12-15,132.45
2017-12-18,132.66
2017-12-19,133.23
2017-12-20,134.16
2017-12-21,134.59
2017-12-22,134.37
2017-12-27,134.7
2017-12-28,134.74
2017-12-29,135.01
2018-01-02,135.35
2018-01-03,134.97
2018-01-04,135.92
2018-01-05,136.45
2018-01-08,135.34
2018-01-09,134.31
2018-01-10,133.62
2018-01-11,134.19
2018-01-12,134.88
2018-01-15,135.81
2018-01-16,135.4
2018-01-17,135.21
2018-01-18,136.07
2018-01-19,135.54
2018-01-22,135.66
2018-01-23,135.35
2018-01-24,135.13
2018-01-25,135.12
2018-01-26,135.95
2018-01-29,134.75
2018-01-30,134.98
2018-01-31,135.6
2018-02-01,136.62
2018-02-02,137.22
2018-02-05,136.67
2018-02-06,134.97
2018-02-07,134.84
2018-02-08,134.31
2018-02-09,133.59
2018-02-12,133.23
2018-02-13,132.82
2018-02-14,132.4
2018-02-15,133.11
2018-02-16,132.34
2018-02-19,132.24
2018-02-20,132.25
2018-02-21,132.41
2018-02-22,131.47
2018-02-23,131.28
2018-02-26,131.6
2018-02-27,131.77
2018-02-28,130.72
2018-03-01,129.98
2018-03-02,129.77
2018-03-05,130.02
2018-03-06,131.84
2018-03-07,131.41
2018-03-08,131.83
2018-03-09,131.31
2018-03-12,131.04
2018-03-13,132.31
2018-03-14,131.77
2018-03-15,130.9
2018-03-16,130.21
2018-03-19,130.65
2018-03-20,130.72
2018-03-21,130.5
2018-03-22,129.75
2018-03-23,129.74
2018-03-26,130.47
2018-03-27,131.04
2018-03-28,131.6
2018-03-29,131.15
2018-04-03,130.76
2018-04-04,130.43
2018-04-05,131.26
2018-04-06,131.32
2018-04-09,131.66
2018-04-10,132.28
2018-04-11,132.26
2018-04-12,132.04
2018-04-13,132.64
2018-04-16,132.77
2018-04-17,132.35
2018-04-18,132.82
2018-04-19,132.88
2018-04-20,132.41
2018-04-23,132.38
2018-04-24,132.92
2018-04-25,133.03
2018-04-26,132.87
2018-04-27,131.95
2018-04-30,132.12
2018-05-02,131.84
2018-05-03,131.03
2018-05-04,130.37
2018-05-07,130.15
2018-05-08,129.45
2018-05-09,130.24
2018-05-10,130.22
2018-05-11,130.44
2018-05-14,131.27
2018-05-15,130.77
2018-05-16,129.83
2018-05-17,130.66
2018-05-18,130.69
2018-05-21,130.84
2018-05-22,130.7
2018-05-23,128.61
2018-05-24,128.46
2018-05-25,127.72
2018-05-28,127.33
2018-05-29,125.88
2018-05-30,126.76
2018-05-31,127.33
2018-06-01,127.74
2018-06-04,128.44
2018-06-05,128.08
2018-06-06,129.57
2018-06-07,130.26
2018-06-08,128.64
2018-06-11,129.62
2018-06-12,130.03
2018-06-13,130.03
2018-06-14,129.15
2018-06-15,128.31
2018-06-18,128.27
2018-06-19,126.78
2018-06-20,127.39
2018-06-21,127.59
2018-06-22,128.3
2018-06-25,128.21
2018-06-26,127.95
2018-06-27,128.08
2018-06-28,127.63
2018-06-29,129.04
2018-07-02,128.86
2018-07-03,129.09
2018-07-04,128.64
2018-07-05,129.53
2018-07-06,129.65
2018-07-09,130.21
2018-07-10,130.3
2018-07-11,130.53
2018-07-12,131.13
2018-07-13,131.04
2018-07-16,131.65
2018-07-17,131.81
2018-07-18,130.92
2018-07-19,130.98
2018-07-20,130.94
2018-07-23,130.18
2018-07-24,130.06
2018-07-25,129.8
2018-07-26,129.91
2018-07-27,129.25
2018-07-30,129.79
2018-07-31,130.84
2018-08-01,130.81
2018-08-02,129.43
2018-08-03,129.3
2018-08-06,128.68
2018-08-07,128.88
2018-08-08,128.72
2018-08-09,128.84
2018-08-10,127.07
2018-08-13,126.11
2018-08-14,126.42
2018-08-15,125.67
2018-08-16,126.02
2018-08-17,125.75
2018-08-20,126.25
2018-08-21,127.01
2018-08-22,128.08
2018-08-23,128.31
2018-08-24,128.97
2018-08-27,129.16
2018-08-28,130.03
2018-08-29,129.73
2018-08-30,130.32
2018-08-31,129.05
2018-09-03,129.03
2018-09-04,128.6
2018-09-05,129.17
2018-09-06,129.55
2018-09-07,128.74
2018-09-10,128.54
2018-09-11,128.82
2018-09-12,129.13
2018-09-13,129.68
2018-09-14,130.75
2018-09-17,130.79
2018-09-18,131.21
2018-09-19,130.94
2018-09-20,131.98
2018-09-21,132.44
2018-09-24,132.56
2018-09-25,132.78
2018-09-26,132.61
2018-09-27,132.15
2018-09-28,131.23
2018-10-01,132.25
2018-10-02,131.46
2018-10-03,131.47
2018-10-04,131.31
2018-10-05,131.03
2018-10-08,130.11
2018-10-09,129.45
2018-10-10,130.23
2018-10-11,130
2018-10-12,129.99
2018-10-15,129.53
2018-10-16,129.92
2018-10-17,129.43
2018-10-18,129.44
2018-10-19,129.05
2018-10-22,129.63
2018-10-23,128.76
2018-10-24,128.37
2018-10-25,128.27
2018-10-26,127.13
2018-10-29,127.92
2018-10-30,128.28
2018-10-31,128.15
2018-11-01,128.52
2018-11-02,128.89
2018-11-05,128.81
2018-11-06,129.31
2018-11-07,130.02
2018-11-08,129.9
2018-11-09,129.26
2018-11-12,128.2
2018-11-13,128.32
2018-11-14,128.64
2018-11-15,128.16
2018-11-16,128.37
2018-11-19,128.89
2018-11-20,128.34
2018-11-21,129.04
2018-11-22,128.8
2018-11-23,128.07
2018-11-26,128.7
2018-11-27,128.66
2018-11-28,128.47
2018-11-29,128.99
2018-11-30,128.99
2018-12-03,128.7
2018-12-04,128.68
2018-12-05,128.31
2018-12-06,128.04
2018-12-07,128.36
2018-12-10,128.79
2018-12-11,128.75
2018-12-12,128.67
2018-12-13,129.06
2018-12-14,128.13
2018-12-17,128.44
2018-12-18,127.86
2018-12-19,128.11
2018-12-20,127.94
2018-12-21,126.98
2018-12-24,126.47
2018-12-27,126.14
2018-12-28,126.4
2018-12-31,125.85
2019-01-02,124.28
2019-01-03,122.21
2019-01-04,123.2
2019-01-07,123.9
2019-01-08,124.46
2019-01-09,124.7
2019-01-10,124.7
2019-01-11,124.91
2019-01-14,123.93
2019-01-15,124.02
2019-01-16,123.91
2019-01-17,123.95
2019-01-18,124.78
2019-01-21,124.6
2019-01-22,124.25
2019-01-23,124.7
2019-01-24,124.43
2019-01-25,124.72
2019-01-28,124.94
2019-01-29,125.03
2019-01-30,125.08
2019-01-31,124.81
2019-02-01,124.91
2019-02-04,125.77
2019-02-05,125.59
2019-02-06,125.05
2019-02-07,124.41
2019-02-08,124.57
2019-02-11,124.63
2019-02-12,124.7
2019-02-13,125.19
2019-02-14,125.12
2019-02-15,124.45
2019-02-18,125.23
2019-02-19,125.09
2019-02-20,125.61
2019-02-21,125.7
2019-02-22,125.56
2019-02-25,125.75
2019-02-26,125.93
2019-02-27,125.9
2019-02-28,126.44
2019-03-01,127.35
2019-03-04,126.91
2019-03-05,126.8
2019-03-06,126.4
2019-03-07,125.97
2019-03-08,124.72
2019-03-11,124.91
2019-03-12,125.27
2019-03-13,125.89
2019-03-14,126.09
2019-03-15,126.16
2019-03-18,126.54
2019-03-19,126.59
2019-03-20,126.63
2019-03-21,125.92
2019-03-22,124.6
2019-03-25,124.65
2019-03-26,124.72
2019-03-27,124.42
2019-03-28,124.16
2019-03-29,124.45
2019-04-01,124.68
2019-04-02,124.73
2019-04-03,125.3
2019-04-04,125.01
2019-04-05,125.44
2019-04-08,125.36
2019-04-09,125.51
2019-04-10,125.38
2019-04-11,125.3
2019-04-12,126.76
2019-04-15,126.66
2019-04-16,126.59
2019-04-17,126.51
2019-04-18,125.86
2019-04-23,125.82
2019-04-24,125.34
2019-04-25,124.45
2019-04-26,124.45
2019-04-29,124.64
2019-04-30,124.93
2019-05-02,125.01
2019-05-03,124.4
2019-05-06,124.13
2019-05-07,123.73
2019-05-08,123.31
2019-05-09,122.91
2019-05-10,123.25
2019-05-13,123.06
2019-05-14,123
2019-05-15,122.24
2019-05-16,122.81
2019-05-17,122.34
2019-05-20,122.67
2019-05-21,123.27
2019-05-22,123.27
2019-05-23,122.56
2019-05-24,122.61
2019-05-27,122.56
2019-05-28,122.45
2019-05-29,121.91
2019-05-30,122.1
2019-05-31,121.27
2019-06-03,121.17
2019-06-04,121.62
2019-06-05,121.96
2019-06-06,121.82
2019-06-07,122.27
2019-06-10,122.78
2019-06-11,123.09
2019-06-12,122.72
2019-06-13,122.44
2019-06-14,121.9
2019-06-17,122.06
2019-06-18,121.08
2019-06-19,121.49
2019-06-20,121.71
2019-06-21,121.64
2019-06-24,122.25
2019-06-25,121.97
2019-06-26,122.4
2019-06-27,122.64
2019-06-28,122.6
2019-07-01,122.93
2019-07-02,122.36
2019-07-03,121.61
2019-07-04,121.65
2019-07-05,121.77
2019-07-08,121.8
2019-07-09,121.93
2019-07-10,122.2
2019-07-11,121.94
2019-07-12,121.83
2019-07-15,121.62
2019-07-16,121.13
2019-07-17,121.42
2019-07-18,120.89
2019-07-19,120.93
2019-07-22,121.03
2019-07-23,120.82
2019-07-24,120.41
2019-07-25,120.15
2019-07-26,121.06
2019-07-29,120.81
2019-07-30,121
2019-07-31,121.04
2019-08-01,120.18
2019-08-02,118.57
2019-08-05,118.61
2019-08-06,119.1
2019-08-07,118.48
2019-08-08,118.64
2019-08-09,118.51
2019-08-12,117.69
2019-08-13,118.01
2019-08-14,118.48
2019-08-15,118.37
2019-08-16,117.77
2019-08-19,118.34
2019-08-20,117.79
2019-08-21,118.24
2019-08-22,118.13
2019-08-23,117.79
2019-08-26,117.67
2019-08-27,117.43
2019-08-28,117.18
2019-08-29,117.68
2019-08-30,117.28
2019-09-02,116.66
2019-09-03,116.05
2019-09-04,117.03
2019-09-05,117.97
2019-09-06,118.01
2019-09-09,118.01
2019-09-10,118.52
2019-09-11,118.51
2019-09-12,118.14
2019-09-13,119.83
2019-09-16,118.96
2019-09-17,119.23
2019-09-18,119.54
2019-09-19,119.46
2019-09-20,119.11
2019-09-23,118.07
2019-09-24,118.45
2019-09-25,118
2019-09-26,117.73
2019-09-27,118.21
2019-09-30,117.59
2019-10-01,118
2019-10-02,117.47
2019-10-03,117.17
2019-10-04,117.23
2019-10-07,117.44
2019-10-08,117.43
2019-10-09,117.91
2019-10-10,118.52
2019-10-11,119.75
2019-10-14,119.4
2019-10-15,119.23
2019-10-16,119.9
2019-10-17,120.81
2019-10-18,120.97
2019-10-21,121.29
2019-10-22,120.87
2019-10-23,120.63
2019-10-24,120.86
2019-10-25,120.59
2019-10-28,120.69
2019-10-29,120.88
2019-10-30,120.99
2019-10-31,120.73
2019-11-01,120.43
2019-11-04,120.93
2019-11-05,120.93
2019-11-06,120.88
2019-11-07,120.9
2019-11-08,120.72
2019-11-11,120.29
2019-11-12,120.24
2019-11-13,119.79
2019-11-14,119.49
2019-11-15,119.95
2019-11-18,120.55
2019-11-19,120.46
2019-11-20,119.96
2019-11-21,120.46
2019-11-22,120.03
2019-11-25,119.88
2019-11-26,120.09
2019-11-27,120.18
2019-11-28,120.5
2019-11-29,120.43
2019-12-02,120.75
2019-12-03,120.39
2019-12-04,120.45
2019-12-05,120.69
2019-12-06,120.44
2019-12-09,120.15
2019-12-10,120.27
2019-12-11,120.44
2019-12-12,120.95
2019-12-13,122.43
2019-12-16,121.97
2019-12-17,122.31
2019-12-18,121.81
2019-12-19,121.73
2019-12-20,121.31
2019-12-23,121.18
2019-12-24,121.19
2019-12-27,122.23
2019-12-30,122.19
2019-12-31,121.94
2020-01-02,121.75
2020-01-03,120.54
2020-01-06,121.02
2020-01-07,121.15
2020-01-08,120.86
2020-01-09,121.54
2020-01-10,121.6
2020-01-13,122.25
2020-01-14,122.32
2020-01-15,122.43
2020-01-16,122.8
2020-01-17,122.31
2020-01-20,122.14
2020-01-21,122.31
2020-01-22,121.93
2020-01-23,121.5
2020-01-24,120.96
2020-01-27,120.11
2020-01-28,120.02
2020-01-29,120.06
2020-01-30,120.03
2020-01-31,120.35
2020-02-03,120.1
2020-02-04,120.52
2020-02-05,120.94
2020-02-06,120.87
2020-02-07,120.51
2020-02-10,120.18
2020-02-11,119.73
2020-02-12,120.03
2020-02-13,119.21
2020-02-14,119.11
2020-02-17,119.05
2020-02-18,118.7
2020-02-19,119.35
2020-02-20,120.86
2020-02-21,120.96
2020-02-24,120.52
2020-02-25,119.92
2020-02-26,120.13
2020-02-27,120.46
2020-02-28,119.36
2020-03-02,119.82
2020-03-03,119.77
2020-03-04,119.58
2020-03-05,119.63
2020-03-06,119.08
2020-03-09,117.12
2020-03-10,118.65
2020-03-11,118.55
2020-03-12,116.84
2020-03-13,119.11
2020-03-16,117.76
2020-03-17,117.5
2020-03-18,117.78
2020-03-19,118.63
2020-03-20,118.37
2020-03-23,119.11
2020-03-24,119.99
2020-03-25,120.67
2020-03-26,120.18
2020-03-27,119.36
2020-03-30,119.34
2020-03-31,118.9
2020-04-01,117.55
2020-04-02,117.06
2020-04-03,117.1
2020-04-06,117.54
2020-04-07,118.55
2020-04-08,118.36
2020-04-09,118.33
2020-04-14,117.66
2020-04-15,117.12
2020-04-16,117.12
2020-04-17,116.86
2020-04-20,117.11
2020-04-21,116.39
2020-04-22,117.01
2020-04-23,115.75
2020-04-24,116.22
2020-04-27,116.22
2020-04-28,116.06
2020-04-29,115.52
2020-04-30,115.87
2020-05-04,116.84
2020-05-05,115.71
2020-05-06,114.65
2020-05-07,114.91
2020-05-08,115.34
2020-05-11,116.16
2020-05-12,116.56
2020-05-13,116.28
2020-05-14,115.48
2020-05-15,115.53
2020-05-18,116.31
2020-05-19,118
2020-05-20,117.95
2020-05-21,118.42
2020-05-22,117.26
2020-05-25,117.47
2020-05-26,117.92
2020-05-27,118.58
2020-05-28,118.68
2020-05-29,119.29
2020-06-01,119.75
2020-06-02,120.83
2020-06-03,121.54
2020-06-04,122.48
2020-06-05,123.77
2020-06-08,123.41
2020-06-09,122.14
2020-06-10,122.16
2020-06-11,121.52
2020-06-12,121.26
2020-06-15,120.83
2020-06-16,121.39
2020-06-17,120.65
2020-06-18,120
2020-06-19,119.77
2020-06-22,119.89
2020-06-23,121.05
2020-06-24,120.3
2020-06-25,120.25
2020-06-26,119.93
2020-06-29,121.07
2020-06-30,120.66
2020-07-01,120.31
2020-07-02,121.24
2020-07-03,120.68
2020-07-06,121.78
2020-07-07,121.61
2020-07-08,121.39
2020-07-09,121.67
2020-07-10,120.48
2020-07-13,121.4
2020-07-14,122.17
2020-07-15,122.25
2020-07-16,122.24
2020-07-17,122.53
2020-07-20,122.63
2020-07-21,122.7
2020-07-22,123.94
2020-07-23,123.98
2020-07-24,123.36
2020-07-27,123.88
2020-07-28,123.34
2020-07-29,123.28
2020-07-30,123.58
2020-07-31,124.31
2020-08-03,124.51
2020-08-04,124.78
2020-08-05,125.37
2020-08-06,124.96
2020-08-07,124.91
2020-08-10,124.74
2020-08-11,124.97
2020-08-12,125.92
2020-08-13,126.58
2020-08-14,126.01
2020-08-17,125.99
2020-08-18,125.54
2020-08-19,125.74
2020-08-20,125.46
2020-08-21,124.53
2020-08-24,125.26
2020-08-25,125.67
2020-08-26,125.34
2020-08-27,125.34
2020-08-28,125.39
2020-08-31,126.47
2020-09-01,126.92
2020-09-02,126
2020-09-03,125.85
2020-09-04,125.79
2020-09-07,125.59
2020-09-08,125.2
2020-09-09,125.05
2020-09-10,125.76
2020-09-11,125.82
2020-09-14,125.82
2020-09-15,125.39
2020-09-16,124.72
2020-09-17,123.38
2020-09-18,123.49
2020-09-21,122.7
2020-09-22,122.78
2020-09-23,122.91
2020-09-24,122.73
2020-09-25,122.74
2020-09-28,123.02
2020-09-29,123.61
2020-09-30,123.76
2020-10-01,123.98
2020-10-02,123.4
2020-10-05,124.25
2020-10-06,124.58
2020-10-07,124.73
2020-10-08,124.69
2020-10-09,124.95
2020-10-12,124.41
2020-10-13,124.38
2020-10-14,123.7
2020-10-15,123.15
2020-10-16,123.59
2020-10-19,124.11
2020-10-20,124.79
2020-10-21,124.27
2020-10-22,123.72
2020-10-23,124.17
2020-10-26,124.14
2020-10-27,123.74
2020-10-28,122.36
2020-10-29,122.09
2020-10-30,122.36
2020-11-02,121.93
2020-11-03,122.56
2020-11-04,122.31
2020-11-05,122.86
2020-11-06,122.66
2020-11-09,124.67
2020-11-10,124.36
2020-11-11,124.07
2020-11-12,124.25
2020-11-13,123.88
2020-11-16,124.15
2020-11-17,123.78
2020-11-18,123.28
2020-11-19,123.08
2020-11-20,123.18
2020-11-23,123.47
2020-11-24,124.06
2020-11-25,124.19
2020-11-26,124.04
2020-11-27,124.23
2020-11-30,124.79
2020-12-01,124.92
2020-12-02,126.13
2020-12-03,126.49
2020-12-04,126.44
2020-12-07,126.3
2020-12-08,126.18
2020-12-09,126.05
2020-12-10,126.53
2020-12-11,126.28
2020-12-14,126.11
2020-12-15,126.08
2020-12-16,125.97
2020-12-17,126.19
2020-12-18,126.69
2020-12-21,126.04
2020-12-22,126.52
2020-12-23,125.99
2020-12-24,126.38
2020-12-28,126.54
2020-12-29,127.23
2020-12-30,126.57
2020-12-31,126.49
2021-01-04,126.62
2021-01-05,126.25
2021-01-06,127.03
2021-01-07,127.13
2021-01-08,127.26
2021-01-11,126.76
2021-01-12,126.74
2021-01-13,126.44
2021-01-14,126.21
2021-01-15,125.74
2021-01-18,125.18
2021-01-19,126.16
2021-01-20,125.62
2021-01-21,125.72
2021-01-22,126.19
2021-01-25,126.06
2021-01-26,125.93
2021-01-27,125.87
2021-01-28,126.2
2021-01-29,127.05
2021-02-01,126.77
2021-02-02,126.46
2021-02-03,126.25
2021-02-04,126.24
2021-02-05,126.72
2021-02-08,126.97
2021-02-09,126.58
2021-02-10,127.04
2021-02-11,127.12
2021-02-12,127.15
2021-02-15,127.72
2021-02-16,128.16
2021-02-17,127.94
2021-02-18,127.69
2021-02-19,127.81
2021-02-22,128
2021-02-23,127.98
2021-02-24,128.69
2021-02-25,129.73
2021-02-26,128.83
2021-03-01,128.63
2021-03-02,128.58
2021-03-03,128.81
2021-03-04,129.23
2021-03-05,129.3
2021-03-08,128.9
2021-03-09,129.5
2021-03-10,129.12
2021-03-11,129.82
2021-03-12,130.14
2021-03-15,130.17
2021-03-16,129.88
2021-03-17,130.02
2021-03-18,130.08
2021-03-19,129.54
2021-03-22,129.77
2021-03-23,128.99
2021-03-24,128.6
2021-03-25,128.75
2021-03-26,129.34
2021-03-29,129.19
2021-03-30,129.48
2021-03-31,129.91
2021-04-01,130.03
2021-04-06,130.27
2021-04-07,130.56
2021-04-08,129.71
2021-04-09,130.42
2021-04-12,130.2
2021-04-13,130.23
2021-04-14,130.33
2021-04-15,130.14
2021-04-16,130.37
2021-04-19,130.09
2021-04-20,130.64
2021-04-21,129.8
2021-04-22,130.3
2021-04-23,129.98
2021-04-26,130.54
2021-04-27,130.88
2021-04-28,131.47
2021-04-29,132.2
2021-04-30,131.62
2021-05-03,131.9
2021-05-04,131.26
2021-05-05,131.2
2021-05-06,131.69
2021-05-07,131.76
2021-05-10,132.31
2021-05-11,132.12
2021-05-12,131.82
2021-05-13,132.37
2021-05-14,132.49
2021-05-17,132.6
2021-05-18,133.09
2021-05-19,133.3
2021-05-20,132.95
2021-05-21,132.61
2021-05-24,132.97
2021-05-25,133.49
2021-05-26,133.16
2021-05-27,133.42
2021-05-28,133.65
2021-05-31,133.79
2021-06-01,134.05
2021-06-02,133.72
2021-06-03,133.81
2021-06-04,133.39
2021-06-07,132.98
2021-06-08,133.28
2021-06-09,133.38
2021-06-10,133.35
2021-06-11,132.88
2021-06-14,132.95
2021-06-15,133.28
2021-06-16,133.19
2021-06-17,132.09
2021-06-18,131.12
2021-06-21,130.91
2021-06-22,131.5
2021-06-23,132.44
2021-06-24,132.2
2021-06-25,132.27
2021-06-28,132.13
2021-06-29,131.54
2021-06-30,131.43
2021-07-01,132.42
2021-07-02,131.74
2021-07-05,131.58
2021-07-06,130.99
2021-07-07,130.86
2021-07-08,129.91
2021-07-09,130.46
2021-07-12,130.55
2021-07-13,130.55
2021-07-14,130.3
2021-07-15,129.93
2021-07-16,130.03
2021-07-19,128.96
2021-07-20,129.03
2021-07-21,129.63
2021-07-22,129.83
2021-07-23,130.11
2021-07-26,130.05
2021-07-27,129.98
2021-07-28,129.97
2021-07-29,130.41
2021-07-30,130.39
2021-08-02,130.17
2021-08-03,129.7
2021-08-04,129.31
2021-08-05,129.79
2021-08-06,129.64
2021-08-09,129.5
2021-08-10,129.48
2021-08-11,129.68
2021-08-12,129.61
2021-08-13,129.64
2021-08-16,128.75
2021-08-17,128.57
2021-08-18,128.67
2021-08-19,128.21
2021-08-20,127.97
2021-08-23,129.02
2021-08-24,128.74
2021-08-25,129
2021-08-26,129.6
2021-08-27,129.59
2021-08-30,129.66
2021-08-31,129.95
2021-09-01,130.35
2021-09-02,130.31
2021-09-03,130.54
2021-09-06,130.34
2021-09-07,130.51
2021-09-08,130.31
2021-09-09,130.1
2021-09-10,130.03
2021-09-13,129.62
2021-09-14,130.08
2021-09-15,129.11
2021-09-16,128.67
2021-09-17,129.61
2021-09-20,128.18
2021-09-21,128.34
2021-09-22,128.5
2021-09-23,128.88
2021-09-24,129.49
2021-09-27,129.74
2021-09-28,130.17
2021-09-29,129.89
2021-09-30,129.67
2021-10-01,128.97
2021-10-04,129.21
2021-10-05,128.99
2021-10-06,128.52
2021-10-07,128.78
2021-10-08,129.32
2021-10-11,130.7
2021-10-12,131.06
2021-10-13,131.3
2021-10-14,131.65
2021-10-15,132.65
2021-10-18,132.46
2021-10-19,133.12
2021-10-20,132.78
2021-10-21,132.85
2021-10-22,132.43
2021-10-25,131.88
2021-10-26,132.47
2021-10-27,132
2021-10-28,131.7
2021-10-29,132.62
2021-11-01,132.19
2021-11-02,132.03
2021-11-03,131.9
2021-11-04,131.77
2021-11-05,130.98
2021-11-08,131.29
2021-11-09,130.9
2021-11-10,130.9
2021-11-11,130.59
2021-11-12,130.5
2021-11-15,130.32
2021-11-16,129.89
2021-11-17,129.78
2021-11-18,129.58
2021-11-19,128.22
2021-11-22,128.69
2021-11-23,129.36
2021-11-24,129.06
2021-11-25,129.41
2021-11-26,128.82
2021-11-29,128.21
2021-11-30,128.2
2021-12-01,128.27
2021-12-02,127.94
2021-12-03,127.97
2021-12-06,127.78
2021-12-07,127.83
2021-12-08,128.57
2021-12-09,128.21
2021-12-10,128.2
2021-12-13,128.19
2021-12-14,128.45
2021-12-15,128.25
2021-12-16,129.37
2021-12-17,128.28
2021-12-20,127.98
2021-12-21,128.44
2021-12-22,129.08
2021-12-23,129.39
2021-12-24,129.45
2021-12-27,129.79
2021-12-28,130.16
2021-12-29,129.97
2021-12-30,130.44
2021-12-31,130.38
2022-01-03,130.56
2022-01-04,131.17
2022-01-05,131.03
2022-01-06,131.05
2022-01-07,130.9
2022-01-10,130.45
2022-01-11,130.95
2022-01-12,131.19
2022-01-13,130.98
2022-01-14,130.17
2022-01-17,130.64
2022-01-18,130.39
2022-01-19,129.86
2022-01-20,129.53
2022-01-21,129.14
2022-01-24,128.62
2022-01-25,128.49
2022-01-26,128.86
2022-01-27,128.74
2022-01-28,128.68
2022-01-31,128.79
2022-02-01,129.12
2022-02-02,129.37
2022-02-03,129.63
2022-02-04,131.72
2022-02-07,131.59
2022-02-08,131.68
2022-02-09,132.04
2022-02-10,132.42
2022-02-11,132.24
2022-02-14,130.6
2022-02-15,131.18
2022-02-16,131.56
2022-02-17,130.84
2022-02-18,130.59
2022-02-21,130.2
2022-02-22,130.54
2022-02-23,130.58
2022-02-24,128.28
2022-02-25,129.64
2022-02-28,129.31
2022-03-01,128.15
2022-03-02,128.08
2022-03-03,128.18
2022-03-04,126.17
2022-03-07,125.55
2022-03-08,126.03
2022-03-09,127.31
2022-03-10,128.54
2022-03-11,128.46
2022-03-14,129.3
2022-03-15,129.67
2022-03-16,130.05
2022-03-17,131.27
2022-03-18,131.4
2022-03-21,131.57
2022-03-22,132.96
2022-03-23,132.65
2022-03-24,133.71
2022-03-25,134.07
2022-03-28,135.93
2022-03-29,136.66
2022-03-30,135.47
2022-03-31,135.17
2022-04-01,135.35
2022-04-04,135.08
2022-04-05,134.76
2022-04-06,135.3
2022-04-07,135.32
2022-04-08,134.87
2022-04-11,137.01
2022-04-12,136.29
2022-04-13,136.26
2022-04-14,136.32
2022-04-19,138.4
2022-04-20,138.53
2022-04-21,139.61
2022-04-22,138.83
2022-04-25,137.73
2022-04-26,136.15
2022-04-27,135.57
2022-04-28,137.13
2022-04-29,137.01
2022-05-02,136.63
2022-05-03,137.06
2022-05-04,136.84
2022-05-05,137.18
2022-05-06,137.9
2022-05-09,138.1
2022-05-10,137.38
2022-05-11,137.07
2022-05-12,133.85
2022-05-13,133.91
2022-05-16,135.01
2022-05-17,136.32
2022-05-18,135.76
2022-05-19,134.46
2022-05-20,135.34
2022-05-23,136.05
2022-05-24,136.49
2022-05-25,135.34
2022-05-26,135.95
2022-05-27,136.05
2022-05-30,137.25
2022-05-31,137.36
2022-06-01,138.68
2022-06-02,138.72
2022-06-03,139.59
2022-06-06,140.16
2022-06-07,141.66
2022-06-08,143.92
2022-06-09,143.93
2022-06-10,141.69
2022-06-13,140.51
2022-06-14,140.62
2022-06-15,140.49
2022-06-16,138.24
2022-06-17,141.21
2022-06-20,141.94
2022-06-21,143.75
2022-06-22,143.11
2022-06-23,142.11
2022-06-24,142.19
2022-06-27,143.25
2022-06-28,143.67
2022-06-29,143.53
2022-06-30,141.54
2022-07-01,141.05
2022-07-04,141.51
2022-07-05,139.77
2022-07-06,137.71
2022-07-07,138.11
2022-07-08,138.05
2022-07-11,138.77
2022-07-12,137.31
2022-07-13,138.02
2022-07-14,139.04
2022-07-15,139.49
2022-07-18,140.16
2022-07-19,141.01
2022-07-20,140.92
2022-07-21,141.46
2022-07-22,139.51
2022-07-25,139.84
2022-07-26,138.35
2022-07-27,138.89
2022-07-28,137.26
2022-07-29,136.42
2022-08-01,135.38
2022-08-02,133.9
2022-08-03,136.18
2022-08-04,135.81
2022-08-05,136.22
2022-08-08,137.62
2022-08-09,138.26
2022-08-10,138.16
2022-08-11,136.57
2022-08-12,137.47
2022-08-15,135.61
2022-08-16,136.11
2022-08-17,137.36
2022-08-18,137.17
2022-08-19,137.67
2022-08-22,137.08
2022-08-23,136.34
2022-08-24,135.74
2022-08-25,136.07
2022-08-26,137.02
2022-08-29,138.49
2022-08-30,138.71
2022-08-31,138.72
2022-09-01,139.34
2022-09-02,140.36
2022-09-05,139.47
2022-09-06,140.91
2022-09-07,143.2
2022-09-08,143.65
2022-09-09,143.3
2022-09-12,144.49
2022-09-13,144.5
2022-09-14,143.08
2022-09-15,143.43
2022-09-16,142.53
2022-09-19,143.42
2022-09-20,143.34
2022-09-21,142.66
2022-09-22,139.18
2022-09-23,139.43
2022-09-26,139.07
2022-09-27,139.28
2022-09-28,138.39
2022-09-29,140.46
2022-09-30,141.01
2022-10-03,141.49
2022-10-04,143.3
2022-10-05,143.18
2022-10-06,142.68
2022-10-07,141.92
2022-10-10,141.16
2022-10-11,141.54
2022-10-12,142.34
2022-10-13,142.94
2022-10-14,143.63
2022-10-17,145
2022-10-18,146.65
2022-10-19,146.34
2022-10-20,146.99
2022-10-21,147.59
2022-10-24,146.76
2022-10-25,146.84
2022-10-26,147.32
2022-10-27,147.37
2022-10-28,146.79
2022-10-31,147.4
2022-11-01,146.35
2022-11-02,145.75
2022-11-03,144.58
2022-11-04,145.19
2022-11-07,146.18
2022-11-08,146.25
2022-11-09,146.82
2022-11-10,145.47
2022-11-11,143.89
2022-11-14,144.86
2022-11-15,144.84
2022-11-16,145.29
2022-11-17,144.8
2022-11-18,145.12
2022-11-21,145.33
2022-11-22,145.2
2022-11-23,145.75
2022-11-24,143.9
2022-11-25,144.62
2022-11-28,144.9
2022-11-29,143.36
2022-11-30,144.28
2022-12-01,142.48
2022-12-02,141.32
2022-12-05,143.07
2022-12-06,143.33
2022-12-07,144.44
2022-12-08,143.75
2022-12-09,143.3
2022-12-12,144.86
2022-12-13,144.85
2022-12-14,143.68
2022-12-15,145.07
2022-12-16,145.53
2022-12-19,144.65
2022-12-20,140.58
2022-12-21,140.29
2022-12-22,140.42
2022-12-23,140.86
2022-12-27,141.68
2022-12-28,142.21
2022-12-29,142.24
2022-12-30,140.66
2023-01-02,139.62
2023-01-03,137.93
2023-01-04,138.74
2023-01-05,140.95
2023-01-06,141.3
2023-01-09,141.35
2023-01-10,141.92
2023-01-11,142.61
2023-01-12,140.61
2023-01-13,139.02
2023-01-16,138.92
2023-01-17,139.5
2023-01-18,139.79
2023-01-19,139.02
2023-01-20,140.86
2023-01-23,141.65
2023-01-24,141.47
2023-01-25,141.17
2023-01-26,141.38
2023-01-27,141.1
2023-01-30,141.79
2023-01-31,141.27
2023-02-01,141.37
2023-02-02,141.12
2023-02-03,140.45
2023-02-06,142.41
2023-02-07,141.3
2023-02-08,140.81
2023-02-09,140.8
2023-02-10,139.88
2023-02-13,141.65
2023-02-14,142.14
2023-02-15,143.05
2023-02-16,143.31
2023-02-17,143.18
2023-02-20,143.09
2023-02-21,143.76
2023-02-22,143.24
2023-02-23,143.32
2023-02-24,143.55
2023-02-27,143.88
2023-02-28,145.23
2023-03-01,144.82
2023-03-02,145.07
2023-03-03,144.55
2023-03-06,144.64
2023-03-07,145.21
2023-03-08,144.7
2023-03-09,143.82
2023-03-10,144.7
2023-03-13,141.96
2023-03-14,144.09
2023-03-15,139.51
2023-03-16,140.18
2023-03-17,140.57
2023-03-20,140.77
2023-03-21,142.63
2023-03-22,143.13
2023-03-23,142.87
2023-03-24,139.85
2023-03-27,141.64
2023-03-28,141.69
2023-03-29,143.58
2023-03-30,144.42
2023-03-31,144.83
2023-04-03,144.51
2023-04-04,144.94
2023-04-05,143.74
2023-04-06,143.49
2023-04-11,145.28
2023-04-12,146.09
2023-04-13,146.81
2023-04-14,146.6
2023-04-17,146.97
2023-04-18,146.89
2023-04-19,147.24
2023-04-20,147.46
2023-04-21,146.92
2023-04-24,148.17
2023-04-25,147.91
2023-04-26,147.67
2023-04-27,147.16
2023-04-28,149.35
2023-05-02,150.7
2023-05-03,149.66
2023-05-04,148.92
2023-05-05,147.8
2023-05-08,149.15
2023-05-09,147.97
2023-05-10,148.18
2023-05-11,146.54
2023-05-12,147.02
2023-05-15,148.15
2023-05-16,147.89
2023-05-17,148.31
2023-05-18,149.08
2023-05-19,149.55
2023-05-22,149.64
2023-05-23,149.2
2023-05-24,149.3
2023-05-25,149.63
2023-05-26,150.24
2023-05-29,150.29
2023-05-30,150.01
2023-05-31,149.13
2023-06-01,149.25
2023-06-02,149.46
2023-06-05,149.96
2023-06-06,149.09
2023-06-07,149.42
2023-06-08,149.98
2023-06-09,150.24
2023-06-12,150.03
2023-06-13,150.62
2023-06-14,151.21
2023-06-15,152.86
2023-06-16,154.65
2023-06-19,154.94
2023-06-20,154.51
2023-06-21,154.89
2023-06-22,156.05
2023-06-23,155.84
2023-06-26,156.41
2023-06-27,157.14
2023-06-28,157.82
2023-06-29,157.74
2023-06-30,157.16
2023-07-03,157.81
2023-07-04,157.34
2023-07-05,157.26
2023-07-06,156.57
2023-07-07,156.01
2023-07-10,155.73
2023-07-11,154.27
2023-07-12,153.84
2023-07-13,154.84
2023-07-14,155.51
2023-07-17,155.38
2023-07-18,155.4
2023-07-19,156.76
2023-07-20,156.35
2023-07-21,157.63
2023-07-24,156.47
2023-07-25,156.18
2023-07-26,155.3
2023-07-27,155.95
2023-07-28,153.35
2023-07-31,156.73
2023-08-01,156.85
2023-08-02,156.88
2023-08-03,156.24
2023-08-04,156.11
2023-08-07,156.21
2023-08-08,156.55
2023-08-09,157.35
2023-08-10,158.43
2023-08-11,158.97
2023-08-14,158.68
2023-08-15,159.04
2023-08-16,159.07
2023-08-17,158.88
2023-08-18,158.11
2023-08-21,159.15
2023-08-22,158.7
2023-08-23,157.28
2023-08-24,157.96
2023-08-25,157.75
2023-08-28,158.35
2023-08-29,158.93
2023-08-30,159.15
2023-08-31,158.49
2023-09-01,157.47
2023-09-04,158.11
2023-09-05,158.2
2023-09-06,158.18
2023-09-07,157.7
2023-09-08,157.84
2023-09-11,157.16
2023-09-12,157.42
2023-09-13,158.28
2023-09-14,158.13
2023-09-15,157.5
2023-09-18,157.44
2023-09-19,158.2
2023-09-20,158.28
2023-09-21,157.34
2023-09-22,157.87
2023-09-25,158.08
2023-09-26,157.87
2023-09-27,157.2
2023-09-28,157.33
2023-09-29,158.1
2023-10-02,157.67
2023-10-03,157.01
2023-10-04,156.48
2023-10-05,156.71
2023-10-06,157.47
2023-10-09,157.06
2023-10-10,157.71
2023-10-11,157.87
2023-10-12,158.35
2023-10-13,157.44
2023-10-16,157.54
2023-10-17,158.03
2023-10-18,158.1
2023-10-19,158.21
2023-10-20,158.8
2023-10-23,158.91
2023-10-24,159.26
2023-10-25,158.55
2023-10-26,158.48
2023-10-27,158.08
2023-10-30,158.8
2023-10-31,160.3
2023-11-01,159.33
2023-11-02,159.89
2023-11-03,159.87
2023-11-06,160.87
2023-11-07,160.77
2023-11-08,160.97
2023-11-09,161.57
2023-11-10,161.77
2023-11-13,161.96
2023-11-14,162.67
2023-11-15,163.39
2023-11-16,164.05
2023-11-17,162.29
2023-11-20,162.12
2023-11-21,161.61
2023-11-22,162.25
2023-11-23,162.98
2023-11-24,163.3
2023-11-27,162.86
2023-11-28,162.74
2023-11-29,162.12
2023-11-30,161.19
2023-12-01,161.14
2023-12-04,159.47
2023-12-05,159.13
2023-12-06,158.7
2023-12-07,156.18
2023-12-08,155.53
2023-12-11,157.54
2023-12-12,156.84
2023-12-13,157.13
2023-12-14,154.8
2023-12-15,155.15
2023-12-18,155.95
2023-12-19,158.2
2023-12-20,157.12
2023-12-21,156.79
2023-12-22,156.66
2023-12-27,157.81
2023-12-28,156.57
2023-12-29,156.33
2024-01-02,155.68
2024-01-03,156.16
2024-01-04,157.91
2024-01-05,158.57
2024-01-08,158.19
2024-01-09,157.63
2024-01-10,159.03
2024-01-11,159.71
2024-01-12,159.17
2024-01-15,159.67
2024-01-16,159.64
2024-01-17,160.65
2024-01-18,160.89
2024-01-19,161.17
2024-01-22,160.95
2024-01-23,160.88
2024-01-24,160.46
2024-01-25,160.81
2024-01-26,160.62
2024-01-29,160.13
2024-01-30,159.97
2024-01-31,160.19
2024-02-01,158.96
2024-02-02,159.58
2024-02-05,159.72
2024-02-06,159.56
2024-02-07,159.71
2024-02-08,160.55
2024-02-09,161
2024-02-12,160.51
2024-02-13,161.17
2024-02-14,161.28
2024-02-15,161.26
2024-02-16,161.88
2024-02-19,161.59
2024-02-20,162.18
2024-02-21,162.12
2024-02-22,163.12
2024-02-23,162.91
2024-02-26,163.38
2024-02-27,163.04
2024-02-28,162.87
2024-02-29,162.53
2024-03-01,162.82
2024-03-04,163.22
2024-03-05,163.01
2024-03-06,162.67
2024-03-07,161.09
2024-03-08,160.99
2024-03-11,160.43
2024-03-12,161.39
2024-03-13,161.83
2024-03-14,161.7
2024-03-15,162.03
2024-03-18,162.51
2024-03-19,163.37
2024-03-20,164.54
2024-03-21,164.96
2024-03-22,163.74
2024-03-25,163.78
2024-03-26,164.4
2024-03-27,163.52
2024-03-28,163.45
2024-04-02,163.01
2024-04-03,163.66
2024-04-04,164.69
2024-04-05,164.1
2024-04-08,164.43
2024-04-09,164.97
2024-04-10,164.89
2024-04-11,164.18
2024-04-12,163.16
2024-04-15,164.05
2024-04-16,164.54
2024-04-17,164.54
2024-04-18,164.82
2024-04-19,164.68
2024-04-22,164.51
2024-04-23,165.23
2024-04-24,165.57
2024-04-25,166.76
2024-04-26,168.03
2024-04-29,167.53
2024-04-30,168.27
2024-05-02,165.63
2024-05-03,164.62
2024-05-06,165.7
2024-05-07,166.45
2024-05-08,167.15
2024-05-09,167.32
2024-05-10,167.87
2024-05-13,168.25
2024-05-14,168.89
2024-05-15,168.43
2024-05-16,168.33
2024-05-17,168.96
2024-05-20,169.25
2024-05-21,169.86
2024-05-22,169.54
2024-05-23,169.9
2024-05-24,170.28
2024-05-27,170.07
2024-05-28,170.54
2024-05-29,170.74
2024-05-30,169.5
2024-05-31,170.52
2024-06-03,170.09
2024-06-04,168.29
2024-06-05,169.72
2024-06-06,169.74
2024-06-07,169.52
2024-06-10,168.74
2024-06-11,168.46
2024-06-12,169.35
2024-06-13,169.58
2024-06-14,167.8
2024-06-17,169.11
2024-06-18,169.41
2024-06-19,169.78
2024-06-20,169.82
2024-06-21,169.82
2024-06-24,171.17
2024-06-25,170.84
2024-06-26,171.42
2024-06-27,171.66
2024-06-28,171.94
2024-07-01,173.15
2024-07-02,173.31
2024-07-03,174.18
2024-07-04,173.84
2024-07-05,174.06
2024-07-08,174.37
2024-07-09,174.2
2024-07-10,174.79
2024-07-11,175.39
2024-07-12,172.87
2024-07-15,172.34
2024-07-16,172.65
2024-07-17,171.21
2024-07-18,171.02
2024-07-19,171.61
2024-07-22,170.8
2024-07-23,169.64
2024-07-24,167.23
2024-07-25,165.62
2024-07-26,167.84
2024-07-29,166.44
2024-07-30,167.61
2024-07-31,162.76
2024-08-01,162.66
2024-08-02,161.37
2024-08-05,155.98
2024-08-06,158.29
2024-08-07,160.62
2024-08-08,159.74
2024-08-09,160.33
2024-08-12,161.25
2024-08-13,161.17
2024-08-14,161.98
2024-08-15,162.14
2024-08-16,162.72
2024-08-19,161.22
2024-08-20,162.18
2024-08-21,162.26
2024-08-22,162.64
2024-08-23,162.37
2024-08-26,160.94
2024-08-27,161.24
2024-08-28,160.57
2024-08-29,160.36
2024-08-30,161.19
2024-09-02,162.56
2024-09-03,161.26
2024-09-04,160.26
2024-09-05,159.2
2024-09-06,158.93
2024-09-09,158.53
2024-09-10,157.81
2024-09-11,156.6
2024-09-12,157.02
2024-09-13,156.17
2024-09-16,155.66
2024-09-17,156.71
2024-09-18,157.94
2024-09-19,159.53
2024-09-20,161.08
2024-09-23,159.58
2024-09-24,160.14
2024-09-25,161.49
2024-09-26,160.78
2024-09-27,159.63
2024-09-30,159.82
2024-10-01,159.37
2024-10-02,160.26
2024-10-03,161.98
2024-10-04,161.69
2024-10-07,162.63
2024-10-08,162.49
2024-10-09,162.97
2024-10-10,162.85
2024-10-11,162.94
2024-10-14,163.39
2024-10-15,162.85
2024-10-16,162.57
2024-10-17,162.5
2024-10-18,162.75
2024-10-21,162.79
2024-10-22,163.22
2024-10-23,164.66
2024-10-24,164.12
2024-10-25,164.45
2024-10-28,165.18
2024-10-29,165.66
2024-10-30,165.91
2024-10-31,166.3
2024-11-01,165.54
2024-11-04,165.47
2024-11-05,165.93
2024-11-06,165.05
2024-11-07,165.71
2024-11-08,164.18
2024-11-11,163.82
2024-11-12,163.71
2024-11-13,164.71
2024-11-14,164.24
2024-11-15,164.36
2024-11-18,163.74
2024-11-19,162.71
2024-11-20,164.42
2024-11-21,162.53
2024-11-22,160.84
2024-11-25,161.64
2024-11-26,161.13
2024-11-27,159.65
2024-11-28,159.89
2024-11-29,158.64
2024-12-02,157.74
2024-12-03,157.3
2024-12-04,158.59
2024-12-05,158.52
2024-12-06,159.25
2024-12-09,159.4
2024-12-10,159.74
2024-12-11,160.35
2024-12-12,159.6
2024-12-13,161.45
2024-12-16,161.73
2024-12-17,161.63
2024-12-18,161.52
2024-12-19,163.07
2024-12-20,162.89
2024-12-23,163.36
2024-12-24,163.25
2024-12-27,164.65
2024-12-30,164.57
2024-12-31,163.06
